﻿<?xml version="1.0" encoding="UTF-8"?> <Curriculum_Vitae>    <dados_básicos>Bruno Ramos Campana Silva        <endereço>            Rua Bom Pastor, 43, apto 402, Rio de Janeiro, RJ        </endereço>        <telefone>            21988450545        </telefone>        <email>            brunoramoscampana@gmail.com        </email>        <idade>            26        </idade>        <estado_civil>            divorciado        </estado_civil>        </dados_básicos>    <objetivos>        Profissional que busca sempre atualizar-se na área de engenharia militar com o intuito de ajudar sua nação    </objetivos>    <formação>        <nível_médio>            <instituição>                Colégio Militar de Brasília            </instituição>            <ano_conclusão>                2004            </ano_conclusão>        </nível_médio>        <nível_superior>            <instituição>                Academia Militar das Agulhas Negras            </instituição>            <curso>                Ciências Militares com especialização em telecomunicações            </curso>            <ano_formação>                2008            </ano_formação>        </nível_superior>        <nível_superior>            <instituição>                Instituto Militar de Engenharia            </instituição>            <curso>                Engenharia da computação            </curso>            <ano_formação>                Não concluído            </ano_formação>        </nível_superior>    </formação>    <experiência>        <cargo>            Comandante de pelotão            <local>                13a Cia Com Mec            </local>            <período>                janeiro de 2009 à novembro de 2011            </período>            <responsabilidades>                Gerenciar todas as atividades de instrução militar da OM            </responsabilidades>        </cargo>    </experiência>    <qualificações>        <curso>            Curso do Combatente Básico de Montanha            <carga_horária>                80 horas            </carga_horária>        </curso>        <idioma língua="inglês">            89 pontos no TOEFL em janeiro de 2014        </idioma>    </qualificações></Curriculum_Vitae>