<?xml version="1.0" encoding="UTF-8"?>
<CV>
   <Name>
      Lucas Rocha Garcia
   </Name>
   <Body>
      <Identificaco>
         <Nascimento>11/03/1993</Nascimento>
         <Naturalidade>
            <Cidade>Fortaleza</Cidade>
            <UF>CE</UF>
            <Pais>Brasil</Pais>
         </Naturalidade>
         <Endereco>
            <Logradouro>Rua Marechal Francisco de Moura</Logradouro>
            <Numero>70</Numero>
            <Complemento>APTO 201</Complemento>
            <Bairro>Botafogo</Bairro>
            <Cidade>Rio de Janeiro</Cidade>
            <UF>RJ</UF>
            <CEP>22260-140</CEP>
         </Endereco>
         <Telefones>
            <Telefone>
               <Id>1</Id>
               <Number>(85) 3241-3173</Number>
            </Telefone>
            <Telefone>
               <Id>2</Id>
               <Number>(21) 98094-1624</Number>
            </Telefone>
         </Telefones>
         <Email>
            <Id>1</Id>
            <Value>kartgarcia@gmail.com</Value>
         </Email>
      </Identificaco>
      <Formacao>
         <Graduacao>
            <Id>1</Id>
            <Instituicao>Instituto Militar de Engenharia</Instituicao>
            <Curso>Engenharia de Computao</Curso>
            <Inicio>Janeiro de 2012</Inicio>
            <Fim>Dezembro de 2016</Fim>
         </Graduacao>
      </Formacao>
      <Linguas>
         <Lingua>
            <Id>1</Id>
            <Nome>Ingles</Nome>
            <Nivel>Avancado</Nivel>
         </Lingua>
         <Lingua>
            <Id>2</Id>
            <Nome>Portugues</Nome>
            <Nivel>Avancado</Nivel>
         </Lingua>
	 <Lingua>
            <Id>3</Id>
            <Nome>Espanhol</Nome>
            <Nivel>Iniciante</Nivel>
         </Lingua>
	 <Lingua>
            <Id>4</Id>
            <Nome>Alemo</Nome>
            <Nivel>Iniciante</Nivel>
         </Lingua>	
      </Linguas>
      <Experiencias>
         <Experiencia>
            <Id>1</Id>
            <Empresa>IME Junior</Empresa>
            <Cargo>Gerente de Projetos</Cargo>
            <Inicio>15/05/2012</Inicio>
            <Fim></Fim>
	    <Id>2</Id>
            <Empresa>IME Junior</Empresa>
            <Cargo>Gerente de Marketing</Cargo>
            <Inicio>15/02/2014</Inicio>
            <Fim></Fim>
         </Experiencia>
      </Experiencias>
      <Programacao>
         <Linguagem>
            <Id>1</Id>
            <Nome>C/C++</Nome>
            <Nivel>Intermediario</Nivel>
         </Linguagem>
         <Linguagem>
            <Id>2</Id>
            <Nome>Java</Nome>
            <Nivel>Intermediario</Nivel>
         </Linguagem>
      </Programacao>
      <Meritos>
         <Bolsas>
            <Bolsa>
               <Id>1</Id>
               <Descricao>Iniciacao Cientifica no Conselho Nacional de Desenvolvimento Cientifico Tecnologico (CNPq)</Descricao>
               <Inicio>Maro de 2013</Inicio>
               <Fim>Agosto de 2014</Fim>
            </Bolsa>
         </Bolsas>
         <Publicacoes>
            <Publicacao>
            </Publicacao>
         </Publicacoes>
      </Meritos>
   </Body>
</CV>