<?xml version="1.0" encoding="utf-8"?>
<CURRICULUM-VITAE DATA-ATUALIZACAO="28022014">
      <DADOS-GERAIS>
			<NOME-COMPLETO>Matheus Leal Assuncao</NOME-COMPLETO>
			<NACIONALIDADE UF-NASCIMENTO="RN" CIDADE-NASCIMENTO="Natal">Brasileiro</NACIONALIDADE>
			<TELEFONE DDD="21">98070-3247</TELEFONE>
			<ENDERECO FLAG ="ENDERECO_RESIDENCIAL">
				<PAIS>Brasil </PAIS>
				<UF>=RJ </UF>
				<LOGRADOURO>Rua Lauro Muller, 96 – apt 1403</LOGRADOURO>
				<BAIRRO>Botafogo</BAIRRO>
				<CIDADE>Rio de Janeiro</CIDADE>
				<CEP>22290-160</CEP>
			</ENDERECO>
			<E-MAIL>lealmatheus@gmail.com </E-MAIL>
			<FORMACAO-ACADEMICA>
				<GRADUACAO>
					<NOME-INSTITUICAO UF="RJ">Instituto Militar de Engenharia</NOME-INSTITUICAO>
					<NOME-CURSO>Engenharia de Computacao </NOME-CURSO>
					<STATUS>EM_ANDAMENTO </STATUS>
					<ANO-DE-INICIO>2011</ANO-DE-INICIO>
					<ANO-DE-CONCLUSAO>2015</ANO-DE-CONCLUSAO>
				</GRADUACAO>
			</FORMACAO-ACADEMICA>
			<IDIOMAS>
				<IDIOMA LEITURA="Fluente" CONVERSACAO="Avancada" ESCRITA=" Fluente " >Ingles</IDIOMA>
				<IDIOMA LEITURA="Avancada" CONVERSACAO="Intermediaria" ESCRITA=" Intermediaria " >Frances</IDIOMA>
				<IDIOMA LEITURA="Iniciante" CONVERSACAO="Iniciante" ESCRITA=" Iniciante " >Espanhol</IDIOMA>
			</IDIOMAS>
		</DADOS-GERAIS>
		<DADOS-COMPLEMENTARES>
			<INFORMACOES-ADICIONAIS>
			</INFORMACOES-ADICIONAIS>
		</DADOS-COMPLEMENTARES>
	</CURRICULUM-VITAE>
