﻿<CURRICULO-VITAE>
<DADOS-GERAIS>
<NOME-COMPLETO>Tiago Oliveira Saldanha</NOME-COMPLETO>
<NOME-EM-CITACOES-BIBLIOGRAFICAS>SALDANHA, T. O.</NOME-EM-CITACOES-BIBLIOGRAFICAS>
<NACIONALIDADE>Brasileiro</NACIONALIDADE>
<LOCAL-NASCIMENTO>
<PAIS-NASCIMENTO>Brasil</PAIS-NASCIMENTO>
<UF-NASCIMENTO>DF</UF-NASCIMENTO>
<CIDADE-NASCIMENTO>Brasília</CIDADE-NASCIMENTO>
</LOCAL-NASCIMENTO>
<DATA-NASCIMENTO>29/09/1992</DATA-NASCIMENTO>
<SEXO>Masculino</SEXO>
<IDENTIDADE>
<NUMERO>2.533.654</NUMERO>
<ORGAO-EMISSOR>SSP-DF</ORGAO-EMISSOR>
<DATA-DE-EMISSAO>02/06/2011</DATA-DE-EMISSAO>
</IDENTIDADE>
<FILIACAO>
<NOME-DO-PAI>Itiberê Saldanha Silva</NOME-DO-PAI>
<NOME-DA-MAE>Sérgia de Souza Oliveira</NOME-DA-MAE>
</FILIACAO>
<RACA-OU-COR>Branco</RACA-OU-COR>
</DADOS-GERAIS>
<RESUMO>
Aluno do Instituto Militar de Engenharia. Ãreas de interesse: Engenharia de Computação e Segurança da Informação.
</RESUMO>
<ENDERECO>
<ENDERECO-PROFISSIONAL>
<NOME-INSTITUICAO-EMPRESA>Instituto Militar de Engenharia</NOME-INSTITUICAO-EMPRESA>
<PAIS>Brasil</PAIS>
<UF>RJ</UF>
<LOGRADOURO-COMPLEMENTO>Praça General Tibúrcio, 80</LOGRADOURO-COMPLEMENTO>
<BAIRRO>Urca</BAIRRO>
<CIDADE>Rio de Janeiro</CIDADE>
<CEP>22290-270</CEP>
<TELEFONE>
<DDD>21</DDD>
<NUMERO>25467080</NUMERO>
</TELEFONE>
</ENDERECO-PROFISSIONAL>
<ENDERECO-RESIDENCIAL>
<PAIS>Brasil</PAIS>
<UF>DF</UF>
<LOGRADOURO-COMPLEMENTO>SQN 206 Bloco J apt 505</LOGRADOURO-COMPLEMENTO>
<BAIRRO>Asa Norte</BAIRRO>
<CIDADE>Brasília</CIDADE>
<CEP>70844-100</CEP>
<TELEFONE>
<DDD>61</DDD>
<NUMERO>32745102</NUMERO>
</TELEFONE>
<E-MAIL>saldanhatiago@hotmail.com</E-MAIL>
</ENDERECO-RESIDENCIAL>
</ENDERECO>
<FORMACAO-ACADEMICA-TITULACAO>
<GRADUACAO>
<STATUS-DO-CURSO>Em Andamento</STATUS-DO-CURSO>
<NOME-INSTITUICAO>Instituto Militar de Engenharia</NOME-INSTITUICAO>
<NOME-CURSO>Engenharia de Computação</NOME-CURSO>
<ANO-DE-INICIO>2012</ANO-DE-INICIO>
<ANO-DE-CONCLUSAO>2016</ANO-DE-CONCLUSAO>
</GRADUACAO>
<ENSINO-MEDIO>
<STATUS-DO-CURSO>Concluído</STATUS-DO-CURSO>
<NOME-INSTITUICAO>Colégio Marista de Brasília</NOME-INSTITUICAO>
<ANO-DE-INICIO>2008</ANO-DE-INICIO>
<ANO-DE-CONCLUSAO>2010</ANO-DE-CONCLUSAO>
</ENSINO-MEDIO>
</FORMACAO-ACADEMICA-TITULACAO>
<IDIOMAS>
<IDIOMA ID="PT">
<DESCRICAO-DO-IDIOMA>Português</DESCRICAO-DO-IDIOMA>
<PROFICIENCIA-DE-LEITURA>Bem</PROFICIENCIA-DE-LEITURA>
<PROFICIENCIA-DE-FALA>Bem</PROFICIENCIA-DE-FALA>
<PROFICIENCIA-DE-ESCRITA>Bem</PROFICIENCIA-DE-ESCRITA>
<PROFICIENCIA-DE-COMPREENSAO>Bem</PROFICIENCIA-DE-COMPREENSAO>
</IDIOMA>
<IDIOMA ID="EN">
<DESCRICAO-DO-IDIOMA>Inglês</DESCRICAO-DO-IDIOMA>
<PROFICIENCIA-DE-LEITURA>Bem</PROFICIENCIA-DE-LEITURA>
<PROFICIENCIA-DE-FALA>Bem</PROFICIENCIA-DE-FALA>
<PROFICIENCIA-DE-ESCRITA>Bem</PROFICIENCIA-DE-ESCRITA>
<PROFICIENCIA-DE-COMPREENSAO>Bem</PROFICIENCIA-DE-COMPREENSAO>
</IDIOMA>
<IDIOMA ID="DU">
<DESCRICAO-DO-IDIOMA>Alemão</DESCRICAO-DO-IDIOMA>
<PROFICIENCIA-DE-LEITURA>Pouco</PROFICIENCIA-DE-LEITURA>
<PROFICIENCIA-DE-FALA>Pouco</PROFICIENCIA-DE-FALA>
<PROFICIENCIA-DE-ESCRITA>Pouco</PROFICIENCIA-DE-ESCRITA>
<PROFICIENCIA-DE-COMPREENSAO>Pouco</PROFICIENCIA-DE-COMPREENSAO>
</IDIOMA>
</IDIOMAS>
<PREMIOS-TITULOS>
<PREMIO-TITULO ID="01">
<NOME-DO-PREMIO-OU-TITULO>OBF - Mensão honrosa</NOME-DO-PREMIO-OU-TITULO>
<NOME-DA-ENTIDADE-PROMOTORA>OBF</NOME-DA-ENTIDADE-PROMOTORA>
<ANO-DA-PREMIACAO>2010</ANO-DA-PREMIACAO>
</PREMIO-TITULO>
<PREMIO-TITULO ID="02">
<NOME-DO-PREMIO-OU-TITULO>OBA - Medalha de Bronze</NOME-DO-PREMIO-OU-TITULO>
<NOME-DA-ENTIDADE-PROMOTORA>OBA</NOME-DA-ENTIDADE-PROMOTORA>
<ANO-DA-PREMIACAO>2010</ANO-DA-PREMIACAO>
</PREMIO-TITULO>
</PREMIOS-TITULOS>
</CURRICULO-VITAE>
<!--
Grupo: Igor Cesar Torres de Oliveira / Lucas Ferreira Machado / Tiago Oliveira Saldanha 
-->