<?xml version="1.0" encoding="ISO-8859-1"?>
<CURRICULO-VITAE>
	<DADOS-GERAIS>
		<NOME-COMPLETO>Igor Cesar Torres de Oliveira</NOME-COMPLETO>
		<NOME-EM-CITACOES-BIBLIOGRAFICAS>OLIVEIRA, I. C. T.</NOME-EM-CITACOES-BIBLIOGRAFICAS>
		<NACIONALIDADE>Brasileiro</NACIONALIDADE>
		<LOCAL-NASCIMENTO>
			<PAIS-NASCIMENTO>Brasil</PAIS-NASCIMENTO>
			<UF-NASCIMENTO>RJ</UF-NASCIMENTO>
			<CIDADE-NASCIMENTO>Rio de Janeiro</CIDADE-NASCIMENTO>
		</LOCAL-NASCIMENTO>
		<DATA-NASCIMENTO>15/05/1993</DATA-NASCIMENTO>
		<SEXO>Masculino</SEXO>
		<IDENTIDADE>
			<NUMERO>24.159.555-2</NUMERO>
			<ORGAO-EMISSOR>DETRAN-RJ</ORGAO-EMISSOR>
			<DATA-DE-EMISSAO>02/06/2011</DATA-DE-EMISSAO>
		</IDENTIDADE>
		<FILIACAO>
			<NOME-DO-PAI>Paulo Cesar Ramos de Oliveira</NOME-DO-PAI>
			<NOME-DA-MAE>Claudia Jurema Catharina Torres de Oliveira</NOME-DA-MAE>
		</FILIACAO>
		<RACA-OU-COR>Preta</RACA-OU-COR>
	</DADOS-GERAIS>

	<RESUMO>Aluno do Instituto Militar de Engenharia. Áreas de interesse: Engenharia de Computação e Física Quântica.</RESUMO>

	<ENDERECO>
		<ENDERECO-PROFISSIONAL>
			<NOME-INSTITUICAO-EMPRESA>Instituto Militar de Engenharia</NOME-INSTITUICAO-EMPRESA>
			<PAIS>Brasil</PAIS>
			<UF>RJ</UF>
			<LOGRADOURO-COMPLEMENTO>Praça General Tibúrcio, 80</LOGRADOURO-COMPLEMENTO>
			<BAIRRO>Urca</BAIRRO>
			<CIDADE>Rio de Janeiro</CIDADE>
			<CEP>22290-270</CEP>
			<TELEFONE>
				<DDD>21</DDD>
				<NUMERO>25467080</NUMERO>
			</TELEFONE>
		</ENDERECO-PROFISSIONAL>
		<ENDERECO-RESIDENCIAL>
			<PAIS>Brasil</PAIS>
			<UF>RJ</UF>
			<LOGRADOURO-COMPLEMENTO>Estrada do Camuã, 260</LOGRADOURO-COMPLEMENTO>
			<BAIRRO>Maravilha</BAIRRO>
			<CIDADE>Paty do Alferes</CIDADE>
			<CEP>26950-000</CEP>
			<TELEFONE>
				<DDD>24</DDD>
				<NUMERO>24857307</NUMERO>
			</TELEFONE>
			<E-MAIL>igorctoliveira@gmail.com</E-MAIL>
		</ENDERECO-RESIDENCIAL>
	</ENDERECO>
	
	<FORMACAO-ACADEMICA-TITULACAO>
		<GRADUACAO>
			<STATUS-DO-CURSO>Em Andamento</STATUS-DO-CURSO>
			<NOME-INSTITUICAO>Instituto Militar de Engenharia</NOME-INSTITUICAO>
			<NOME-CURSO>Engenharia de Computação</NOME-CURSO>
			<ANO-DE-INICIO>2012</ANO-DE-INICIO>
			<ANO-DE-CONCLUSAO>2016</ANO-DE-CONCLUSAO>
		</GRADUACAO>
		<ENSINO-MEDIO>
			<STATUS-DO-CURSO>Concluído</STATUS-DO-CURSO>
			<NOME-INSTITUICAO>Sistema Elite de Ensino</NOME-INSTITUICAO>
			<ANO-DE-INICIO>2008</ANO-DE-INICIO>
			<ANO-DE-CONCLUSAO>2010</ANO-DE-CONCLUSAO>
		</ENSINO-MEDIO>
	</FORMACAO-ACADEMICA-TITULACAO>

	<ATUACOES-PROFISSIONAIS>
		<ATUACAO-PROFISSIONAL ID="01">
			<NOME-INSTITUICAO>Centro Brasileiro de Pesquisas Físicas</NOME-INSTITUICAO>
			<CARGO>Estudante</CARGO>
			<VINCULOS>
				<CARGA-HORARIA-SEMANAL>20 horas</CARGA-HORARIA-SEMANAL>
				<ANO-INICIO>2012</ANO-INICIO>
				<ANO-FIM>2013</ANO-FIM>
			</VINCULOS>
			<ATIVIDADES-DE-PARTICIPACAO-EM-PROJETO>
				<PARTICIPACAO-EM-PROJETO ID="01" TIPO="Iniciacao Cientifica">
					<ANO-INICIO>2012</ANO-INICIO>
					<ANO-FIM>2013</ANO-FIM>
					<NOME-ORGAO>CBPF</NOME-ORGAO>
					<PROJETO-DE-PESQUISA TITULO="Computação na Detecção de Neutrinos">
						<NOME-DO-PROJETO>Angra Notes</NOME-DO-PROJETO>
						<SITUACAO>Concluído</SITUACAO>
						<NATUREZA>Pesquisa</NATUREZA>
						<NUMERO-GRADUACAO>3</NUMERO-GRADUACAO>
						<NUMERO-MESTRADO-ACADEMICO>1</NUMERO-MESTRADO-ACADEMICO>
						<NUMERO-DOUTORADO>3</NUMERO-DOUTORADO>
						<DESCRICAO-DO-PROJETO>Projeto para detecção de neutrinos externamente na usina de Angra dos Reis (Angra II) a fim de controlar a potência desempenhada pela usina, já que a potencia é diretamente proporcional ao número de neutrinos emitidos.</DESCRICAO-DO-PROJETO>
						<EQUIPE-DO-PROJETO>
							<INTEGRANTE-DO-PROJETO ID="01">
								<NOME-COMPLETO>Igor Cesar Torres de Oliveira</NOME-COMPLETO>
								<NOME-PARA-CITACAO>OLIVEIRA, I. C. T.</NOME-PARA-CITACAO>
							</INTEGRANTE-DO-PROJETO>
							<INTEGRANTE-DO-PROJETO ID="02">
								<NOME-COMPLETO>João dos Anjos</NOME-COMPLETO>
								<NOME-PARA-CITACAO>ANJOS, J.C.</NOME-PARA-CITACAO>
							</INTEGRANTE-DO-PROJETO>
							<INTEGRANTE-DO-PROJETO ID="01">
								<NOME-COMPLETO>Marcelo Nascimento Souza</NOME-COMPLETO>
								<NOME-PARA-CITACAO>SOUZA, M. N.</NOME-PARA-CITACAO>
							</INTEGRANTE-DO-PROJETO>
							<INTEGRANTE-DO-PROJETO ID="02">
								<NOME-COMPLETO>Thamys Abrahão</NOME-COMPLETO>
								<NOME-PARA-CITACAO>ABRAHAO, T.</NOME-PARA-CITACAO>
							</INTEGRANTE-DO-PROJETO>
							<INTEGRANTE-DO-PROJETO ID="02">
								<NOME-COMPLETO>Marcio Nunes</NOME-COMPLETO>
								<NOME-PARA-CITACAO>NUNES, M.</NOME-PARA-CITACAO>
							</INTEGRANTE-DO-PROJETO>
							<INTEGRANTE-DO-PROJETO ID="02">
								<NOME-COMPLETO>Rafael Gama</NOME-COMPLETO>
								<NOME-PARA-CITACAO>GAMA, R.</NOME-PARA-CITACAO>
							</INTEGRANTE-DO-PROJETO>
							<INTEGRANTE-DO-PROJETO ID="02">
								<NOME-COMPLETO>Upiratan Machado</NOME-COMPLETO>
								<NOME-PARA-CITACAO>MACHADO, U.</NOME-PARA-CITACAO>
							</INTEGRANTE-DO-PROJETO>
							<INTEGRANTE-DO-PROJETO ID="02">
								<NOME-COMPLETO>Beatriz Santos</NOME-COMPLETO>
								<NOME-PARA-CITACAO>SANTOS, B.</NOME-PARA-CITACAO>
							</INTEGRANTE-DO-PROJETO>
						</EQUIPE-DO-PROJETO>
					</PROJETO-DE-PESQUISA>
				</PARTICIPACAO-EM-PROJETO>
			</ATIVIDADES-DE-PARTICIPACAO-EM-PROJETO>
		</ATUACAO-PROFISSIONAL>

		<ATUACAO-PROFISSIONAL ID="02">
			<NOME-INSTITUICAO>Sistema Elite de Ensino</NOME-INSTITUICAO>
			<CARGO>Professor de Matemática e Física</CARGO>
			<VINCULOS>
				<CARGA-HORARIA-SEMANAL>8 horas</CARGA-HORARIA-SEMANAL>
				<ANO-INICIO>2012</ANO-INICIO>
				<ANO-FIM>2014</ANO-FIM>
			</VINCULOS>
		</ATUACAO-PROFISSIONAL>
	</ATUACOES-PROFISSIONAIS>

	<AREAS-DE-ATUACAO>
		<AREA-DE-ATUACAO ID="01">
			<NOME-GRANDE-AREA-DO-CONHECIMENTO>Outros</NOME-GRANDE-AREA-DO-CONHECIMENTO>
			<NOME-DA-AREA-DO-CONHECIMENTO>Robótica, Mecatrônica e Automação</NOME-DA-AREA-DO-CONHECIMENTO>
			<NOME-DA-SUB-AREA-DO-CONHECIMENTO>Engenharia de Computação</NOME-DA-SUB-AREA-DO-CONHECIMENTO>
		</AREA-DE-ATUACAO>
		<AREA-DE-ATUACAO ID="02">
			<NOME-GRANDE-AREA-DO-CONHECIMENTO>Física</NOME-GRANDE-AREA-DO-CONHECIMENTO>
			<NOME-DA-AREA-DO-CONHECIMENTO>Física Quântica</NOME-DA-AREA-DO-CONHECIMENTO>
			<NOME-DA-SUB-AREA-DO-CONHECIMENTO>Computação Quântica</NOME-DA-SUB-AREA-DO-CONHECIMENTO>
		</AREA-DE-ATUACAO>
	</AREAS-DE-ATUACAO>

	<IDIOMAS>
		<IDIOMA ID="PT">
			<DESCRICAO-DO-IDIOMA>Português</DESCRICAO-DO-IDIOMA>
			<PROFICIENCIA-DE-LEITURA>Bem</PROFICIENCIA-DE-LEITURA>
			<PROFICIENCIA-DE-FALA>Bem</PROFICIENCIA-DE-FALA>
			<PROFICIENCIA-DE-ESCRITA>Bem</PROFICIENCIA-DE-ESCRITA>
			<PROFICIENCIA-DE-COMPREENSAO>Bem</PROFICIENCIA-DE-COMPREENSAO>
		</IDIOMA>
		<IDIOMA ID="EN">
			<DESCRICAO-DO-IDIOMA>Inglês</DESCRICAO-DO-IDIOMA>
			<PROFICIENCIA-DE-LEITURA>Bem</PROFICIENCIA-DE-LEITURA>
			<PROFICIENCIA-DE-FALA>Razoável</PROFICIENCIA-DE-FALA>
			<PROFICIENCIA-DE-ESCRITA>Bem</PROFICIENCIA-DE-ESCRITA>
			<PROFICIENCIA-DE-COMPREENSAO>Razoável</PROFICIENCIA-DE-COMPREENSAO>
		</IDIOMA>
	</IDIOMAS>

	<PREMIOS-TITULOS>
		<PREMIO-TITULO ID="01">
			<NOME-DO-PREMIO-OU-TITULO>OBMEP - Mensão honrosa</NOME-DO-PREMIO-OU-TITULO>
			<NOME-DA-ENTIDADE-PROMOTORA>OBMEP</NOME-DA-ENTIDADE-PROMOTORA>
			<ANO-DA-PREMIACAO>2006</ANO-DA-PREMIACAO>
		</PREMIO-TITULO>
		<PREMIO-TITULO ID="02">
			<NOME-DO-PREMIO-OU-TITULO>OBMEP - Medalha de Bronze</NOME-DO-PREMIO-OU-TITULO>
			<NOME-DA-ENTIDADE-PROMOTORA>OBMEP</NOME-DA-ENTIDADE-PROMOTORA>
			<ANO-DA-PREMIACAO>2008</ANO-DA-PREMIACAO>
		</PREMIO-TITULO>
		<PREMIO-TITULO ID="03">
			<NOME-DO-PREMIO-OU-TITULO>OBMEP - Medalha de Prata</NOME-DO-PREMIO-OU-TITULO>
			<NOME-DA-ENTIDADE-PROMOTORA>OBMEP</NOME-DA-ENTIDADE-PROMOTORA>
			<ANO-DA-PREMIACAO>2007</ANO-DA-PREMIACAO>
		</PREMIO-TITULO>
		<PREMIO-TITULO ID="04">
			<NOME-DO-PREMIO-OU-TITULO>OMERJ - Medalha de Prata</NOME-DO-PREMIO-OU-TITULO>
			<NOME-DA-ENTIDADE-PROMOTORA>OMERJ</NOME-DA-ENTIDADE-PROMOTORA>
			<ANO-DA-PREMIACAO>2011</ANO-DA-PREMIACAO>
		</PREMIO-TITULO>
	</PREMIOS-TITULOS>
</CURRICULO-VITAE>
<!--Grupo: Igor Cesar Torres de Oliveira / Lucas Ferreira Machado / Tiago Oliveira Saldanha -->
