﻿<?xml version="1.0" encoding="ISO-8859-1"?>


<CURRICULO-VITAE>

<DADOS-GERAIS>

<E-MAIL="viniciusgomespe@gmail.com"TELEFONE="2131377001"CEP="21012-190"UF="RJ" PAIS="Brasil"/>

-<FORMACAO-ACADEMICA-TITULACAO>

<ANO-DE-INICIO="2011" STATUS-DO-CURSO="EM_ANDAMENTO" NOME-INSTITUICAO="Instituto Militar de Engenharia"/>

<ENSINO-MEDIO-SEGUNDO-GRAU ANO-DE-CONCLUSAO="2011" ANO-DE-INICIO="2010" STATUS-DO-CURSO="CONCLUIDO" NOME-INSTITUICAO="Sistema Elite de Ensino"/>

</FORMACAO-ACADEMICA-TITULACAO>


<AREAS-DE-ATUACAO>

<AREA-DE-ATUACAO NOME-DA-ESPECIALIDADE="Engenharia de Software"NOME-DA-AREA-DO-CONHECIMENTO="Ciência da Computação"/>

</AREAS-DE-ATUACAO>


<IDIOMAS>

<IDIOMA PROFICIENCIA-DE-COMPREENSAO="BEM" PROFICIENCIA-DE-ESCRITA="BEM" PROFICIENCIA-DE-FALA="BEM" PROFICIENCIA-DE-LEITURA="BEM" DESCRICAO-DO-IDIOMA="Português" IDIOMA="PT"/>

<IDIOMA PROFICIENCIA-DE-COMPREENSAO="BEM" PROFICIENCIA-DE-ESCRITA="BEM" PROFICIENCIA-DE-FALA="BEM" PROFICIENCIA-DE-LEITURA="BEM" DESCRICAO-DO-IDIOMA="Inglês" IDIOMA="EN"/>

<IDIOMA PROFICIENCIA-DE-COMPREENSAO="POUCO" PROFICIENCIA-DE-ESCRITA="POUCO" PROFICIENCIA-DE-FALA="POUCO" PROFICIENCIA-DE-LEITURA="RAZOAVELMENTE" DESCRICAO-DO-IDIOMA="Francês" IDIOMA="FR"/>

</IDIOMAS>


<PREMIOS-TITULOS>

<PREMIO-TITULO NOME-DO-PREMIO-OU-TITULO-INGLES="" ANO-DA-PREMIACAO="2010" NOME-DA-ENTIDADE-PROMOTORA="Coordenação Estadual do Programa de Olimpíadas de Química" NOME-DO-PREMIO-OU-TITULO="Medalha de Ouro na Olimpíada de Química do Rio de Janeiro - 3o. ano Ensino Médio"/>

<PREMIO-TITULO NOME-DO-PREMIO-OU-TITULO-INGLES="" ANO-DA-PREMIACAO="2005" NOME-DA-ENTIDADE-PROMOTORA="OBMEP" NOME-DO-PREMIO-OU-TITULO="Medalha de Ouro na Olimpíada Brasileira de Matemática das Escolas Públicas - Nível 1"/>

<PREMIO-TITULO NOME-DO-PREMIO-OU-TITULO-INGLES="" ANO-DA-PREMIACAO="2010" NOME-DA-ENTIDADE-PROMOTORA="" NOME-DO-PREMIO-OU-TITULO="Medalha de Prata na Olimpíada Brasileira de Astronomia e Astronáutica - Nível 4"/>

<PREMIO-TITULO NOME-DO-PREMIO-OU-TITULO-INGLES="" ANO-DA-PREMIACAO="2010" NOME-DA-ENTIDADE-PROMOTORA="UFC, FUNCAP e UFPI" NOME-DO-PREMIO-OU-TITULO="Medalha de Bronze na Olimpíada Brasileira de Química - Modalidade B"/>

<PREMIO-TITULO NOME-DO-PREMIO-OU-TITULO-INGLES="" ANO-DA-PREMIACAO="2010" NOME-DA-ENTIDADE-PROMOTORA="Sociedade Brasileira de Matemática" NOME-DO-PREMIO-OU-TITULO="Medalha de Ouro na Olimpíada de Matemática do Estado do Rio de Janeiro- Nível 4"/>

<PREMIO-TITULO NOME-DO-PREMIO-OU-TITULO-INGLES="" ANO-DA-PREMIACAO="2010" NOME-DA-ENTIDADE-PROMOTORA="Sociedade Brasileira de Matemática" NOME-DO-PREMIO-OU-TITULO="Medalha de Bronze na Olimpíada Brasileira de Matemática - Nível 3"/>

<PREMIO-TITULO NOME-DO-PREMIO-OU-TITULO-INGLES="" ANO-DA-PREMIACAO="2009" NOME-DA-ENTIDADE-PROMOTORA="IFRJ e ABQ-RJ" NOME-DO-PREMIO-OU-TITULO="Medalha de Prata na Olimpíada de Química do Rio de Janeiro"/>

<PREMIO-TITULO NOME-DO-PREMIO-OU-TITULO-INGLES="" ANO-DA-PREMIACAO="2009" NOME-DA-ENTIDADE-PROMOTORA="Sociedade Brasileira de Física" NOME-DO-PREMIO-OU-TITULO="Menção Honrosa na Olimpíada Brasileira de Física - 2o. ano do Ensino Médio"/>

<PREMIO-TITULO NOME-DO-PREMIO-OU-TITULO-INGLES="" ANO-DA-PREMIACAO="2008" NOME-DA-ENTIDADE-PROMOTORA="OBMEP" NOME-DO-PREMIO-OU-TITULO="Medalha de Prata na Olimpíada Brasileira de Matemática das Escolas Públicas- Nível 3"/>

<PREMIO-TITULO NOME-DO-PREMIO-OU-TITULO-INGLES="" ANO-DA-PREMIACAO="2007" NOME-DA-ENTIDADE-PROMOTORA="Sociedade Brasileira de Matemática" NOME-DO-PREMIO-OU-TITULO="Medalha de Bronze na Olimpíada de Matemática do Estado do Rio de Janeiro - Nível 2"/>

<PREMIO-TITULO NOME-DO-PREMIO-OU-TITULO-INGLES="" ANO-DA-PREMIACAO="2007" NOME-DA-ENTIDADE-PROMOTORA="OBMEP" NOME-DO-PREMIO-OU-TITULO="Medalha de Ouro na Olimpíada Brasileira de Matemática das Escolas Públicas - Nível 2"/>

</PREMIOS-TITULOS>

</DADOS-GERAIS>

<DADOS-COMPLEMENTARES>

<FORMACAO-COMPLEMENTAR>

<OUTROS NOME-CURSO-INGLES="" ANO-DE-CONCLUSAO="" ANO-DE-INICIO="2011" STATUS-DO-CURSO="EM_ANDAMENTO" NOME-CURSO="Inglês"NOME-INSTITUICAO="Instituto Brasil-Estados Unidos"/>

</FORMACAO-COMPLEMENTAR>

</DADOS-COMPLEMENTARES>

</CURRICULO-VITAE>